chr	start	end	shortlist	type	wilcoxon.p.value	hyper.	fisher.p.value	tmr.ratio	nor.ratio	OR	CI_95_L	CI_95_H	cytoband	DM.band?	closest.TSS	pos	dir	dist	overlapped.TSS	overlapped.pos	ovrl.dir
chr1	38217648	38233106	FALSE	H2171	2.72037439871011e-07	TRUE	0.256201406886339	0.98	0.92	4.17141631114983	0.207343923024541	255.942868516757	p34.3	FALSE	EPHA10	38230824	-	0	EPHA10	38230824	-
chr1	66992475	67031615	TRUE	NHLF	1.80540938192826e-05	TRUE	8.1706606386889e-07	0.62	0.04	37.4440610039254	5.26196598456985	1645.61659177298	p31.3	FALSE	SGIP1	66999825	+	0	SGIP1	66999825	+
chr1	66997317	67031131	TRUE	IMR90	0.000425990247825998	TRUE	8.1706606386889e-07	0.62	0.04	37.4440610039254	5.26196598456985	1645.61659177298	p31.3	FALSE	SGIP1	66999825	+	0	SGIP1	66999825	+
chr1	86038604	86043559	FALSE	HeLa	1.63130638601927e-05	TRUE	1.45813688560373e-07	0.58	0	Inf	7.3483646533785	Inf	p22.3	FALSE	DDAH1	86044046	-	486	DDAH1, CYR61	86044046, 86046444	-, +
chr1	98496219	98520092	FALSE	NHLF	1.97821876210608e-08	TRUE	2.98264746692855e-10	0.72	0	Inf	13.1690445571671	Inf	p21.3	FALSE	MIR137	98511727	-	0	MIR2682, MIR137HG, MIR137	98510907, 98515249, 98511727	-, -, -
chr1	149137069	149138030	FALSE	HeLa	6.07651221352202e-06	TRUE	1.46500746921636e-07	0.8	0.16	19.8536559124021	5.20979021271897	98.1874745022745	q21.2	TRUE	LOC388692	149279476	+	-141445	NA	NA	NA
chr1	149194189	149195226	FALSE	HeLa	2.41296291866374e-07	TRUE	5.52932925565979e-08	0.68	0.04	48.3680365036895	6.74092100967879	2130.26603797867	q21.2	TRUE	LOC388692	149279476	+	-84249	NA	NA	NA
chr1	149215055	149225208	FALSE	HeLa	3.21091178067648e-10	TRUE	0.00470352660204097	0.98	0.76	14.8747587742055	1.64325117605121	722.749841275072	q21.2	TRUE	LOC388692	149279476	+	-54267	NA	NA	NA
chr1	149215112	149224997	FALSE	NHLF	4.94617003160058e-10	TRUE	0.00470352660204097	0.98	0.76	14.8747587742055	1.64325117605121	722.749841275072	q21.2	TRUE	LOC388692	149279476	+	-54478	NA	NA	NA
chr1	149215285	149225177	FALSE	H2171	3.21091178067648e-10	TRUE	0.00470352660204097	0.98	0.76	14.8747587742055	1.64325117605121	722.749841275072	q21.2	TRUE	LOC388692	149279476	+	-54298	NA	NA	NA
chr1	149297773	149300450	FALSE	HeLa	3.45260614060951e-07	TRUE	6.75356144770919e-06	0.88	0.36	12.4358485892239	3.50880866731912	50.8519437053418	q21.2	TRUE	LOC388692	149279476	+	18296	NA	NA	NA
chr1	161359109	161370584	FALSE	H2171	1.57980223502228e-07	TRUE	0.00513536390704215	0.96	0.72	9.01764361767808	1.53037118276977	96.8993409937716	q23.3	FALSE	C1orf192	161337673	-	-21435	NA	NA	NA
chr1	161359115	161370380	FALSE	NHLF	1.23685655472294e-07	TRUE	0.00513536390704215	0.96	0.72	9.01764361767808	1.53037118276977	96.8993409937716	q23.3	FALSE	C1orf192	161337673	-	-21441	NA	NA	NA
chr1	161359197	161370415	FALSE	IMR90	1.31513399639035e-07	TRUE	0.00513536390704215	0.96	0.72	9.01764361767808	1.53037118276977	96.8993409937716	q23.3	FALSE	C1orf192	161337673	-	-21523	NA	NA	NA
chr1	170630201	170682168	TRUE	NHLF	1.42722106241744e-08	TRUE	0.00148873777592099	0.98	0.72	18.2700298921888	2.11745774803945	871.316543864995	q24.2	FALSE	PRRX1	170633313	+	0	PRRX1	170633313	+
chr1	170630408	170635244	FALSE	IMR90	2.85322634125627e-09	TRUE	1.1820150429933e-10	0.88	0.12	48.871483710807	10.6179430083334	332.247127412258	q24.2	FALSE	PRRX1	170633313	+	0	PRRX1	170633313	+
chr1	183385132	183388334	FALSE	H2171	2.73352361411806e-08	TRUE	6.75356144770919e-06	0.88	0.36	12.4358485892239	3.50880866731912	50.8519437053418	q25.3	FALSE	NMNAT2	183387634	-	0	NMNAT2	183387634	-
chr1	223935390	223937202	FALSE	NHLF	6.97596318058497e-07	TRUE	0.00172553168053925	0.96	0.68	10.8735406358866	1.91642311074976	115.084553185772	q41	FALSE	CAPN2	223889295	+	46094	NA	NA	NA
chr1	237204982	237207833	FALSE	H2171	1.25142319945963e-08	TRUE	5.10802873635223e-13	0.88	0.04	154.746002475729	19.3698177844685	6987.80566024278	q43	FALSE	RYR2	237205702	+	0	RYR2	237205702	+
chr2	5829629	5838388	FALSE	H2171	1.53182406596413e-09	TRUE	8.91194636480806e-08	0.9	0.28	21.6813000005428	5.64304370910093	101.998586545682	p25.2	FALSE	SOX11	5832799	+	0	SOX11	5832799	+
chr2	5830273	5838063	FALSE	IMR90	6.58097608600727e-10	TRUE	8.91194636480806e-08	0.9	0.28	21.6813000005428	5.64304370910093	101.998586545682	p25.2	FALSE	SOX11	5832799	+	0	SOX11	5832799	+
chr2	5836071	5837051	FALSE	NHLF	2.0494095380693e-06	TRUE	5.09971513408386e-08	0.74	0.08	30.9194839757371	6.30827485026034	304.205155083754	p25.2	FALSE	SOX11	5832799	+	3271	SOX11	5832799	+
chr2	19546858	19562790	FALSE	NHLF	6.83395531288908e-11	TRUE	6.41083252788942e-05	1	0.68	Inf	4.33256117539606	Inf	p24.1	FALSE	OSR1	19558372	-	0	MIR4757, OSR1	19548190, 19558372	+, -
chr2	19547023	19558437	FALSE	IMR90	1.33521887538944e-10	TRUE	6.41083252788942e-05	1	0.68	Inf	4.33256117539606	Inf	p24.1	FALSE	OSR1	19558372	-	0	MIR4757, OSR1	19548190, 19558372	+, -
chr2	30448131	30476862	FALSE	NHLF	8.78466731524842e-07	TRUE	2.687389561362e-05	0.88	0.4	10.5415048221281	2.99708453624607	42.4943085652884	p23.1	FALSE	LBH	30454397	+	0	LBH	30454397	+
chr2	45161133	45171162	FALSE	H2171	3.10834132397457e-08	TRUE	2.18075822818396e-06	0.9	0.36	15.180456485546	4.07733459699581	67.9628081225507	p21	FALSE	SIX3	45169037	+	0	SIX3	45169037	+
chr2	62796052	62807345	FALSE	HeLa	6.58326454609384e-07	TRUE	4.95005219894796e-06	0.76	0.2	12.1385640054011	3.48968798889379	50.8888523503821	p15	FALSE	TMEM17	62762780	-	-33271	NA	NA	NA
chr2	66800432	66811110	TRUE	IMR90	2.36342283835669e-11	TRUE	6.22949326058992e-17	0.94	0	Inf	54.588056721985	Inf	p14	FALSE	MEIS1	66662532	+	137899	NA	NA	NA
chr2	66800755	66811197	TRUE	NHLF	1.87653597525203e-11	TRUE	6.22949326058992e-17	0.94	0	Inf	54.588056721985	Inf	p14	FALSE	MEIS1	66662532	+	138222	NA	NA	NA
chr2	71114271	71115527	FALSE	H2171	4.90839200476963e-06	TRUE	1.20585717201875e-08	0.64	0	Inf	9.35072893871128	Inf	p13.3	FALSE	VAX2	71127720	+	-12192	NA	NA	NA
chr2	111874526	111881293	FALSE	HeLa	8.55294381156985e-11	TRUE	1.27283001221429e-11	0.96	0.2	84.7185858833066	14.8028940120508	935.335430147732	q13	FALSE	BCL2L11	111878491	+	0	BCL2L11	111878491	+
chr2	127974318	127985330	FALSE	HeLa	6.58326454609384e-07	TRUE	2.06330384847420e-09	0.68	0	Inf	11.0515348517354	Inf	q14.3	FALSE	CYP27C1	127977654	-	0	CYP27C1	127977654	-
chr2	155552410	155574749	TRUE	H2171	2.23247148924287e-10	TRUE	9.72789663929904e-12	0.94	0.16	72.56878936475	14.2440780368686	566.728768919127	q24.1	FALSE	KCNJ3	155555093	+	0	KCNJ3	155555093	+
chr2	157176006	157200084	TRUE	NHLF	6.58097608600727e-10	TRUE	0.108108108108108	1	0.92	Inf	0.381354828839544	Inf	q24.1	FALSE	NR4A2	157189287	-	0	NR4A2	157189287	-
chr2	163680066	163697590	FALSE	H2171	1.3299159851878e-05	TRUE	6.38904672628041e-09	0.66	0	Inf	10.1563818270619	Inf	q24.2	FALSE	KCNH7	163695257	-	0	KCNH7	163695257	-
chr2	173092493	173100912	FALSE	H2171	5.59688545971611e-05	TRUE	1.45813688560373e-07	0.58	0	Inf	7.3483646533785	Inf	q31.1	TRUE	DLX2	172967478	-	-125014	NA	NA	NA
chr2	177021616	177023791	FALSE	H2171	6.45646508017372e-05	TRUE	1.45813688560373e-07	0.58	0	Inf	7.3483646533785	Inf	q31.1	TRUE	HOXD3	177028805	+	-5013	HOXD3, HOXD4, MIR10B	177028805, 177016113, 177015031	+, +, +
chr2	182321075	182323855	FALSE	H2171	9.08379869758923e-08	TRUE	2.06330384847420e-09	0.68	0	Inf	11.0515348517354	Inf	q31.3	FALSE	ITGA4	182321619	+	0	ITGA4	182321619	+
chr2	182537099	182552426	FALSE	H2171	2.77748906070145e-10	TRUE	2.67447310777765e-08	0.96	0.36	39.4822673220185	7.47352126266809	411.032118619716	q31.3	FALSE	NEUROD1	182545392	-	0	CERKL, NEUROD1	182545392, 182545392	-, -
chr3	14918048	14918819	FALSE	HeLa	3.74850168012219e-06	FALSE	5.22127382591541e-09	0.18	0.88	0.0320784224308815	0.0050584021320331	0.137499242281544	p25.1	FALSE	FGD5	14860469	+	57578	NA	NA	NA
chr3	61545903	61550385	FALSE	IMR90	0.000408277210513822	TRUE	3.20109753226057e-08	0.62	0	Inf	8.62299717643819	Inf	p14.2	FALSE	PTPRG	61547243	+	0	PTPRG	61547243	+
chr3	117715946	117716540	FALSE	NHLF	7.36069721498542e-09	TRUE	9.453240449212e-12	0.88	0.08	75.3789325546819	13.8457307338459	828.848319427801	q13.32	FALSE	IGSF11-AS1	118661923	+	-945382	NA	NA	NA
chr3	125075669	125076879	FALSE	NHLF	1.53182406596413e-09	TRUE	4.13411953362151e-09	0.86	0.16	29.9491402796861	7.39372144831654	159.006965274584	q21.2	FALSE	ZNF148	125094198	-	17318	NA	NA	NA
chr3	136537558	136539944	FALSE	H2171	4.84648749115738e-05	TRUE	5.02770317082281e-07	0.68	0.08	23.3140167745542	4.83692789772791	227.326234636191	q22.3	TRUE	SLC35G2	136537861	+	0	SLC35G2	136537861	+
chr3	138654319	138655653	FALSE	H2171	7.12257213089284e-06	TRUE	3.20109753226057e-08	0.62	0	Inf	8.62299717643819	Inf	q22.3	TRUE	FOXL2	138665982	-	10328	NA	NA	NA
chr3	141515955	141516698	FALSE	NHLF	8.56406511597831e-05	TRUE	1.08574896162748e-09	0.7	0	Inf	12.0514506006612	Inf	q23	FALSE	GRK7	141497043	+	18911	NA	NA	NA
chr3	150802265	150805642	FALSE	H2171	1.57980223502228e-07	TRUE	0.0374943726284648	0.96	0.8	5.84066314793587	0.869111796397089	66.2255071682699	q25.1	FALSE	MED12L	150803451	+	0	MED12L	150803451	+
chr3	157814962	157830183	FALSE	H2171	3.20898767458168e-11	TRUE	4.7033698268394e-09	0.96	0.32	46.7753070342371	8.77013543274574	491.320148912525	q25.32	TRUE	SHOX2	157823952	-	0	RSRC1, SHOX2	157827841, 157823952	+, -
chr3	168959592	168960699	FALSE	NHLF	2.20813375219443e-05	TRUE	3.32658199117912e-07	0.74	0.12	19.8424383787052	4.8495125683199	121.068051782582	q26.2	TRUE	MECOM	169381563	-	420863	NA	NA	NA
chr3	168959750	168960702	FALSE	IMR90	4.12313939310693e-07	TRUE	3.32658199117912e-07	0.74	0.12	19.8424383787052	4.8495125683199	121.068051782582	q26.2	TRUE	MECOM	169381563	-	420860	NA	NA	NA
chr3	169375879	169380669	FALSE	NHLF	1.02653318827818e-08	TRUE	1.03229796051015e-10	0.8	0.04	88.4116797580988	11.8492400110969	3935.61800127029	q26.2	TRUE	MECOM	169381563	-	893	MECOM	169381563	-
chr3	170290167	170317765	FALSE	H2171	2.27212331238153e-07	TRUE	9.47934690455702e-08	0.84	0.2	19.7838494632582	5.34339600421104	89.3011862062514	q26.2	TRUE	SLC7A14	170303863	-	0	SLC7A14	170303863	-
chr3	170406956	170409302	FALSE	H2171	8.33959278346073e-06	TRUE	2.70587380689733e-07	0.64	0.04	40.6987348585587	5.70652746305788	1789.59913990139	q26.2	TRUE	SLC7A14	170303863	-	-103092	NA	NA	NA
chr3	192231888	192234004	FALSE	H2171	3.88675770354783e-07	TRUE	1.5465108320584e-09	0.8	0.08	42.7909294467574	8.487997443863	433.284722627506	q28	TRUE	FGF12	192445388	-	211383	NA	NA	NA
chr3	194201812	194215436	FALSE	NHLF	4.28486047767728e-10	TRUE	7.44259770210972e-10	0.96	0.28	55.9838868695655	10.3417759815334	593.513999779079	q29	TRUE	LINC00884	194207869	+	0	LINC00884	194207869	+
chr3	194205388	194219437	FALSE	HeLa	1.66550528573174e-10	TRUE	4.7033698268394e-09	0.96	0.32	46.7753070342371	8.77013543274574	491.320148912525	q29	TRUE	LINC00884	194207869	+	0	LINC00884	194207869	+
chr3	194205590	194209991	FALSE	IMR90	2.98653212215849e-10	TRUE	7.44259770210972e-10	0.96	0.28	55.9838868695655	10.3417759815334	593.513999779079	q29	TRUE	LINC00884	194207869	+	0	LINC00884	194207869	+
chr3	195265437	195274256	FALSE	HeLa	1.38491576700073e-06	TRUE	1.45813688560373e-07	0.58	0	Inf	7.3483646533785	Inf	q29	TRUE	PPP1R2	195270224	-	0	PPP1R2	195270224	-
chr4	25088082	25091566	FALSE	H2171	1.09673950971868e-08	TRUE	4.86378188712237e-08	0.78	0.12	24.5432058080522	5.88082458703892	151.708935942195	p15.2	FALSE	LGI2	25032414	-	-55667	NA	NA	NA
chr4	82135275	82137253	FALSE	IMR90	0.00035917893012503	TRUE	1.45813688560373e-07	0.58	0	Inf	7.3483646533785	Inf	q21.21	FALSE	PRKG2	82136218	-	0	PRKG2	82136218	-
chr4	111541317	111543689	FALSE	HeLa	7.08055835935577e-08	TRUE	2.77656539082162e-05	0.86	0.36	10.4647969395639	3.06346754564014	40.3121965298379	q25	FALSE	PITX2	111563279	-	19589	NA	NA	NA
chr4	134066924	134110614	FALSE	HeLa	3.21091178067648e-10	TRUE	2.67447310777765e-08	0.96	0.36	39.4822673220185	7.47352126266809	411.032118619716	q28.3	FALSE	PCDH10	134070470	+	0	PCDH10	134070470	+
chr4	134071918	134072689	FALSE	NHLF	8.41125700693697e-09	TRUE	2.71383268144002e-08	0.94	0.32	30.8965314215886	6.90426847556549	202.475904291645	q28.3	FALSE	PCDH10	134070470	+	1447	PCDH10	134070470	+
chr4	158142484	158144906	FALSE	H2171	1.23685655472294e-07	TRUE	1.84369231792933e-08	0.7	0.04	52.9295947844145	7.34845229446276	2333.76594494202	q32.1	FALSE	GRIA2	158141295	+	1188	GRIA2	158141295	+
chr4	174438259	174451402	FALSE	H2171	8.55294381156985e-11	TRUE	8.88360957845229e-11	0.94	0.2	56.2078760961098	11.6432755668778	408.89675902401	q34.1	FALSE	HAND2	174451378	-	0	HAND2-AS1, HAND2	174451609, 174451378	+, -
chr4	174443306	174444222	FALSE	NHLF	2.02209183594849e-09	TRUE	2.64014823659888e-13	0.84	0	Inf	24.497143179789	Inf	q34.1	FALSE	HAND2	174451378	-	7155	NA	NA	NA
chr4	184825760	184829197	FALSE	H2171	2.01388606538135e-07	TRUE	3.97451018898934e-06	0.8	0.24	12.1143473300275	3.55252466515601	47.9085680068136	q35.1	FALSE	STOX2	184826509	+	0	STOX2	184826509	+
chr5	2749907	2762723	FALSE	H2171	3.05550303819758e-09	TRUE	4.52252195177545e-05	0.96	0.56	17.9521113820837	3.36399932571076	185.129602307665	p15.33	FALSE	IRX2	2751769	-	0	C5orf38, IRX2	2752262, 2751769	+, -
chr5	3595200	3598989	FALSE	H2171	8.73884168328913e-10	TRUE	4.58339679482033e-09	0.94	0.28	37.0543347536263	8.14427526832821	247.469339439338	p15.33	FALSE	IRX1	3596168	+	0	IRX1	3596168	+
chr5	11381959	11386772	FALSE	H2171	5.76175427181554e-06	TRUE	1.34624438768348e-08	0.76	0.08	34.2514834804241	6.93285584276371	340.845143288203	p15.2	FALSE	CTNND2	11904110	-	517337	NA	NA	NA
chr5	32709369	32711506	FALSE	HeLa	9.84730375306101e-05	TRUE	3.32658199117912e-07	0.74	0.12	19.8424383787052	4.8495125683199	121.068051782582	p13.3	FALSE	NPR3	32710743	+	0	NPR3	32710743	+
chr5	42943630	42952752	FALSE	NHLF	7.93758107138401e-11	TRUE	0.333333333333333	1	0.96	Inf	0.0512818798828127	Inf	p12	FALSE	LOC648987	43018913	-	66160	NA	NA	NA
chr5	42944704	42952169	FALSE	HeLa	9.37801177811271e-10	TRUE	0.0104076679419145	1	0.84	Inf	1.41722051085946	Inf	p12	FALSE	LOC648987	43018913	-	66743	NA	NA	NA
chr5	42948935	42952692	FALSE	IMR90	2.32153698843963e-09	TRUE	6.40035936145176e-14	0.86	0	Inf	27.8309764505005	Inf	p12	FALSE	LOC648987	43018913	-	66220	NA	NA	NA
chr5	42984006	43021232	TRUE	HeLa	2.66401220782099e-09	TRUE	0.034061458718993	1	0.88	Inf	0.859840251657219	Inf	p12	FALSE	LOC648987	43018913	-	0	LOC648987	43018913	-
chr5	42984870	43020974	TRUE	NHLF	1.24223155077294e-09	TRUE	0.034061458718993	1	0.88	Inf	0.859840251657219	Inf	p12	FALSE	LOC648987	43018913	-	0	LOC648987	43018913	-
chr5	42990567	42996224	FALSE	IMR90	1.92873833633037e-10	TRUE	0.00148873777592099	0.98	0.72	18.2700298921888	2.11745774803945	871.316543864995	p12	FALSE	LOC648987	43018913	-	22688	NA	NA	NA
chr5	50691928	50700952	FALSE	HeLa	1.67896078947583e-07	TRUE	5.09971513408386e-08	0.74	0.08	30.9194839757371	6.30827485026034	304.205155083754	NA	NA	LOC642366	50679166	-	-12761	NA	NA	NA
chr5	72732600	72743115	FALSE	IMR90	6.97596318058497e-07	TRUE	0.000270536165824955	0.86	0.44	7.55309133864827	2.23554850122897	28.2549587386471	q13.2	FALSE	BTF3	72794250	+	-51134	NA	NA	NA
chr5	75379239	75381465	FALSE	H2171	1.02742737724345e-05	TRUE	1.20585717201875e-08	0.64	0	Inf	9.35072893871128	Inf	q13.3	FALSE	SV2C	75379305	+	0	SV2C	75379305	+
chr5	87956108	87981015	FALSE	H2171	2.40138462872824e-10	TRUE	2.67447310777765e-08	0.96	0.36	39.4822673220185	7.47352126266809	411.032118619716	q14.3	FALSE	LINC00461	87980620	-	0	MIR9-2, LINC00461	87962757, 87980620	-, -
chr5	92908540	92909324	FALSE	NHLF	2.56221895458174e-07	TRUE	4.90291528434817e-10	0.82	0.08	48.3908791298453	9.46682171873007	494.778253957172	q15	FALSE	NR2F1-AS1	92917003	-	7678	NA	NA	NA
chr5	92912619	92938829	TRUE	IMR90	8.55294381156985e-11	TRUE	3.94334339119386e-06	1	0.6	Inf	6.31445465904763	Inf	q15	FALSE	NR2F1	92919043	+	0	NR2F1-AS1, NR2F1	92917003, 92919043	-, +
chr5	92915487	92936006	FALSE	HeLa	1.92873833633037e-10	TRUE	3.42767540926851e-05	0.98	0.6	30.9759086927451	3.87925104395475	1433.21821892435	q15	FALSE	NR2F1	92919043	+	0	NR2F1-AS1, NR2F1	92917003, 92919043	-, +
chr5	92920389	92925638	FALSE	NHLF	2.32153698843963e-09	TRUE	3.42767540926851e-05	0.98	0.6	30.9759086927451	3.87925104395475	1433.21821892435	q15	FALSE	NR2F1	92919043	+	1345	NR2F1-AS1, NR2F1	92917003, 92919043	-, +
chr5	92928874	92929920	FALSE	NHLF	1.73380866453597e-06	TRUE	2.15682564611619e-07	0.76	0.12	21.9893538550326	5.33009248017775	135.271243084994	q15	FALSE	NR2F1	92919043	+	9830	NA	NA	NA
chr5	92930426	92931300	FALSE	NHLF	4.65188025301619e-06	TRUE	1.02430286580253e-07	0.6	0	Inf	7.95451912844582	Inf	q15	FALSE	NR2F1	92919043	+	11382	NA	NA	NA
chr5	92934139	92938820	FALSE	NHLF	1.3322679016699e-09	TRUE	8.66448648556534e-12	0.84	0.04	113.949251987501	14.8727175768086	5104.50600631386	q15	FALSE	NR2F1	92919043	+	15095	NA	NA	NA
chr5	122424159	122435530	FALSE	NHLF	1.3322679016699e-09	TRUE	6.12939981489607e-07	0.92	0.36	19.270010352067	4.830950952871	98.7688220070281	q23.2	FALSE	PRDM6	122424841	+	0	PRDM6	122424841	+
chr5	134811888	134848628	TRUE	H2171	2.72037439871011e-07	TRUE	0.034061458718993	1	0.88	Inf	0.859840251657219	Inf	q31.1	FALSE	NEUROG1	134871639	-	23010	NA	NA	NA
chr5	140418445	140421019	FALSE	HeLa	2.55696559659408e-06	TRUE	2.70587380689733e-07	0.64	0.04	40.6987348585587	5.70652746305788	1789.59913990139	q31.3	TRUE	PCDHB1	140430979	+	-9959	NA	NA	NA
chr5	140418926	140420847	FALSE	H2171	3.18401429866623e-06	TRUE	2.70587380689733e-07	0.64	0.04	40.6987348585587	5.70652746305788	1789.59913990139	q31.3	TRUE	PCDHB1	140430979	+	-10131	NA	NA	NA
chr5	155107365	155108974	FALSE	H2171	1.23685655472294e-07	TRUE	2.15682564611619e-07	0.76	0.12	21.9893538550326	5.33009248017775	135.271243084994	q33.2	FALSE	SGCD	155135063	+	-26088	NA	NA	NA
chr6	1382270	1397250	TRUE	NHLF	2.48703944323788e-09	TRUE	6.57984172079663e-07	0.96	0.44	28.6562800088725	5.46196214581943	293.838418517305	p25.3	FALSE	FOXF2	1390069	+	0	FOXF2	1390069	+
chr6	1390208	1395648	FALSE	IMR90	2.88793871214853e-07	TRUE	5.17651080248797e-05	0.84	0.36	8.97895799506413	2.70439103366846	33.0826360654326	p25.3	FALSE	FOXF2	1390069	+	138	FOXF2	1390069	+
chr6	5996470	6009904	FALSE	H2171	5.05819258074979e-11	TRUE	4.71717152978835e-07	0.98	0.48	49.6248353864335	6.38327147474192	2267.41666666796	p25.1	FALSE	NRN1	6007633	-	0	NRN1	6007633	-
chr6	7541057	7544149	FALSE	H2171	4.61830508670238e-05	TRUE	1.02430286580253e-07	0.6	0	Inf	7.95451912844582	Inf	p24.3	FALSE	DSP	7541870	+	0	DSP	7541870	+
chr6	10425720	10429337	FALSE	HeLa	4.55686514042497e-08	TRUE	2.71383268144002e-08	0.94	0.32	30.8965314215886	6.90426847556549	202.475904291645	p24.3	FALSE	LINC00518	10435055	-	5717	LINC00518, TFAP2A	10435055, 10419797	-, -
chr6	12748885	12750950	FALSE	H2171	2.55696559659408e-06	TRUE	5.09971513408386e-08	0.74	0.08	30.9194839757371	6.30827485026034	304.205155083754	p24.1	FALSE	PHACTR1	12717037	+	31847	NA	NA	NA
chr6	27462599	27471844	FALSE	HeLa	4.12313939310693e-07	TRUE	4.86378188712237e-08	0.78	0.12	24.5432058080522	5.88082458703892	151.708935942195	p22.1	TRUE	ZNF184	27440897	-	-21701	NA	NA	NA
chr6	27831454	27836446	FALSE	NHLF	4.91848195709005e-07	TRUE	0.00172553168053925	0.96	0.68	10.8735406358866	1.91642311074976	115.084553185772	p22.1	TRUE	HIST1H2AL	27833107	+	0	HIST1H1B, HIST1H2AL, HIST1H3I, HIST1H4L	27835359, 27833107, 27840099, 27841289	-, +, -, -
chr6	41527860	41530347	FALSE	H2171	6.02011934524013e-09	TRUE	1.50402857342319e-08	0.9	0.24	26.4959439749964	6.70557974581881	130.016551435822	p21.1	FALSE	FOXP4	41514164	+	13695	NA	NA	NA
chr6	45623015	45631934	FALSE	NHLF	7.5369807390674e-08	TRUE	0.00183309287436455	0.9	0.56	6.85089859948104	1.82500802947174	29.7753517742945	p21.1	FALSE	SUPT3H	45345788	-	-277226	NA	NA	NA
chr6	75906137	75918827	TRUE	NHLF	1.46520108028233e-06	TRUE	5.09971513408386e-08	0.74	0.08	30.9194839757371	6.30827485026034	304.205155083754	q14.1	FALSE	COL12A1	75915623	-	0	COL12A1	75915623	-
chr6	75911246	75919315	TRUE	IMR90	1.97821876210608e-08	TRUE	5.09971513408386e-08	0.74	0.08	30.9194839757371	6.30827485026034	304.205155083754	q14.1	FALSE	COL12A1	75915623	-	0	COL12A1	75915623	-
chr6	108421229	108440460	FALSE	H2171	3.50279862404625e-09	TRUE	1.04328438381729e-13	0.9	0.04	186.007702685445	22.5729925776831	8435.51344804209	q21	FALSE	OSTM1	108395941	-	-25287	NA	NA	NA
chr6	127835379	127841914	FALSE	H2171	1.31513399639035e-07	TRUE	4.90291528434817e-10	0.82	0.08	48.3908791298453	9.46682171873007	494.778253957172	q22.33	FALSE	SOGA3	127840500	-	0	SOGA3	127840500	-
chr6	127836003	127836738	FALSE	NHLF	1.04294041885298e-06	TRUE	9.11547660734116e-08	0.72	0.08	28.0371401800466	5.75768426013574	274.851965904874	q22.33	FALSE	SOGA3	127840500	-	3761	SOGA3	127840500	-
chr6	134208964	134215237	FALSE	IMR90	1.31513399639035e-07	TRUE	6.52435432340607e-09	0.78	0.08	38.1544038566439	7.65192537378411	382.833206150046	q23.2	FALSE	TCF21	134210259	+	0	TCF21	134210259	+
chr6	134209542	134214688	FALSE	NHLF	1.52389363477115e-08	TRUE	6.52435432340607e-09	0.78	0.08	38.1544038566439	7.65192537378411	382.833206150046	q23.2	FALSE	TCF21	134210259	+	0	TCF21	134210259	+
chr7	25888837	25902001	FALSE	NHLF	4.9182434686463e-09	TRUE	1	0.96	0.96	1	0.0162857682298263	20.1208673340566	p15.2	TRUE	RNU6-16P	25880630	-	-8206	NA	NA	NA
chr7	25893799	25906060	FALSE	H2171	4.34845089593259e-11	TRUE	1.27283001221429e-11	0.96	0.2	84.7185858833066	14.8028940120508	935.335430147732	p15.2	TRUE	RNU6-16P	25880630	-	-13168	NA	NA	NA
chr7	27187286	27191716	FALSE	H2171	6.97596318058497e-07	TRUE	0.0015103574958991	0.92	0.6	7.41797318353283	1.81545448559295	37.3563241687754	p15.2	TRUE	HOXA6	27187393	-	0	HOXA5, HOXA6, HOXA7	27183287, 27187393, 27196296	-, -, -
chr7	27199922	27201322	FALSE	H2171	5.59688545971611e-05	TRUE	1.04528056944565e-07	0.66	0.04	44.3183310391255	6.19806725629232	1950.14271495308	p15.2	TRUE	HOXA7	27196296	-	-3625	HOXA7, HOXA9	27196296, 27205149	-, -
chr7	27207319	27211324	FALSE	H2171	7.08055835935577e-08	TRUE	1.03229796051015e-10	0.8	0.04	88.4116797580988	11.8492400110969	3935.61800127029	p15.2	TRUE	MIR196B	27209182	-	0	HOXA10-AS, HOXA9, MIR196B	27208518, 27205149, 27209182	+, -, -
chr7	27208391	27213921	FALSE	HeLa	1.46520108028233e-06	TRUE	1.22651686533341e-09	0.76	0.04	70.8881388973918	9.66944701735788	3140.66464310385	p15.2	TRUE	MIR196B	27209182	-	0	HOXA10-HOXA9, HOXA10-AS, HOXA9, HOXA10, MIR196B	27219880, 27208518, 27205149, 27219880, 27209182	-, +, -, -, -
chr7	27222331	27225491	FALSE	H2171	1.88683185956156e-09	TRUE	2.70319611470623e-10	0.9	0.16	42.9965611963169	9.85599884808215	250.15724030789	p15.2	TRUE	HOXA11	27224842	-	0	HOXA10-HOXA9, HOXA11-AS, HOXA10, HOXA11	27219880, 27225027, 27219880, 27224842	-, +, -, -
chr7	27222539	27226213	FALSE	HeLa	4.2954885327664e-09	TRUE	2.70319611470623e-10	0.9	0.16	42.9965611963169	9.85599884808215	250.15724030789	p15.2	TRUE	HOXA11	27224842	-	0	HOXA10-HOXA9, HOXA11-AS, HOXA10, HOXA11	27219880, 27225027, 27219880, 27224842	-, +, -, -
chr7	27231606	27233474	FALSE	HeLa	2.27212331238153e-07	TRUE	0.000169529008380099	0.82	0.36	7.81854483672876	2.40873974586184	27.8529764115508	p15.2	TRUE	HOXA13	27239725	-	6250	HOTTIP, HOXA11-AS, HOXA11, HOXA13	27240040, 27225027, 27224842, 27239725	+, +, -, -
chr7	100942597	100952697	FALSE	HeLa	8.78466731524842e-07	TRUE	1.44143425904024e-05	0.84	0.32	10.689046363317	3.1741643670142	40.453899678891	q22.1	FALSE	IFT22	100965093	-	12395	NA	NA	NA
chr7	136552889	136563214	FALSE	IMR90	7.83016305054917e-07	TRUE	4.35388212705884e-05	0.78	0.28	8.78826036649665	2.69799682307	32.0966109742626	q33	FALSE	CHRM2	136553399	+	0	CHRM2	136553399	+
chr7	148469693	148470821	FALSE	NHLF	1.7162553341794e-05	TRUE	5.52932925565979e-08	0.68	0.04	48.3680365036895	6.74092100967879	2130.26603797867	q36.1	FALSE	CUL1	148395006	+	74686	NA	NA	NA
chr8	9759823	9766686	FALSE	H2171	1.57980223502228e-07	TRUE	0.00080282988947355	0.86	0.48	6.45168159466302	1.9065292927908	23.9520041949288	p23.1	FALSE	MIR124-1	9760982	-	0	LINC00599, MIR124-1	9760839, 9760982	-, -
chr8	24848714	24858842	FALSE	H2171	3.66347987843618e-07	TRUE	3.52259778355903e-11	0.76	0	Inf	15.8789867362098	Inf	p21.2	FALSE	NEFL	24814383	-	-34330	NA	NA	NA
chr8	24857381	24868646	FALSE	HeLa	6.88442697315422e-09	TRUE	2.64014823659888e-13	0.84	0	Inf	24.497143179789	Inf	p21.2	FALSE	NEFL	24814383	-	-42997	NA	NA	NA
chr8	24857601	24858969	FALSE	NHLF	3.21091178067648e-10	TRUE	9.97389333826233e-13	0.82	0	Inf	21.7692640054085	Inf	p21.2	FALSE	NEFL	24814383	-	-43217	NA	NA	NA
chr8	38614765	38628983	FALSE	NHLF	1.08210906007042e-05	TRUE	2.71240029334045e-09	0.74	0.04	64.0342914326563	8.79652756477136	2831.69390280092	p11.22	FALSE	TACC1	38585704	+	29060	NA	NA	NA
chr8	38626987	38628503	FALSE	H2171	2.8540111604978e-06	TRUE	1.38194220739623e-10	0.74	0	Inf	14.4338671948594	Inf	p11.22	FALSE	TACC1	38585704	+	41282	NA	NA	NA
chr8	38748986	38761660	FALSE	HeLa	1.42722106241744e-08	TRUE	1.5465108320584e-09	0.8	0.08	42.7909294467574	8.487997443863	433.284722627506	p11.22	FALSE	PLEKHA2	38758753	+	0	PLEKHA2	38758753	+
chr8	54569181	54572133	FALSE	H2171	2.4027220327603e-08	TRUE	0.0104076679419145	1	0.84	Inf	1.41722051085946	Inf	q11.23	FALSE	ATP6V1H	54755871	-	183737	NA	NA	NA
chr8	60029722	60032827	FALSE	IMR90	1.62691424384754e-08	TRUE	4.06861177225983e-07	0.82	0.2	17.2571876056791	4.75823210160273	75.8791283588952	q12.1	FALSE	TOX	60031767	-	0	TOX	60031767	-
chr8	67024534	67026503	FALSE	H2171	1.97821876210608e-08	TRUE	1.08574896162748e-09	0.7	0	Inf	12.0514506006612	Inf	q13.1	FALSE	TRIM55	67039278	+	-12774	NA	NA	NA
chr8	67024564	67043021	FALSE	HeLa	2.72037439871011e-07	TRUE	0.00183309287436455	0.9	0.56	6.85089859948104	1.82500802947174	29.7753517742945	q13.1	FALSE	TRIM55	67039278	+	0	TRIM55	67039278	+
chr8	67024700	67037856	FALSE	IMR90	6.65095993797791e-08	TRUE	4.06861177225983e-07	0.82	0.2	17.2571876056791	4.75823210160273	75.8791283588952	q13.1	FALSE	TRIM55	67039278	+	-1421	TRIM55	67039278	+
chr8	67024751	67045815	TRUE	NHLF	1.23685655472294e-07	TRUE	0.00183309287436455	0.9	0.56	6.85089859948104	1.82500802947174	29.7753517742945	q13.1	FALSE	TRIM55	67039278	+	0	TRIM55	67039278	+
chr8	72754064	72771211	FALSE	IMR90	4.01359546959121e-09	TRUE	0.034061458718993	1	0.88	Inf	0.859840251657219	Inf	q13.3	TRUE	MSC	72756731	-	0	LOC100132891, MSC	72755358, 72756731	+, -
chr8	77592892	77596441	FALSE	IMR90	2.28972117514205e-06	TRUE	3.20109753226057e-08	0.62	0	Inf	8.62299717643819	Inf	q21.11	FALSE	ZFHX4	77593515	+	0	ZFHX4-AS1, ZFHX4	77595510, 77593515	-, +
chr8	93104704	93121289	FALSE	H2171	4.19214742819836e-05	TRUE	1.04528056944565e-07	0.66	0.04	44.3183310391255	6.19806725629232	1950.14271495308	q21.3	FALSE	RUNX1T1	93115454	-	0	RUNX1T1	93115454	-
chr8	93112886	93115617	FALSE	NHLF	0.000113105828810829	TRUE	1.04528056944565e-07	0.66	0.04	44.3183310391255	6.19806725629232	1950.14271495308	q21.3	FALSE	RUNX1T1	93115454	-	0	RUNX1T1	93115454	-
chr8	93112908	93116272	FALSE	IMR90	3.36244670952182e-06	TRUE	1.04528056944565e-07	0.66	0.04	44.3183310391255	6.19806725629232	1950.14271495308	q21.3	FALSE	RUNX1T1	93115454	-	0	RUNX1T1	93115454	-
chr8	99951803	99960694	FALSE	NHLF	1.00626898991136e-09	TRUE	9.97389333826233e-13	0.82	0	Inf	21.7692640054085	Inf	q22.2	FALSE	STK3	99954799	-	0	OSR2, STK3	99956631, 99954799	+, -
chr9	96711340	96723412	FALSE	HeLa	1.67896078947583e-07	TRUE	0.0140723397524478	0.98	0.8	11.819213156663	1.21546288943411	588.805963881129	q22.32	FALSE	BARX1	96717608	-	0	BARX1	96717608	-
chr9	99982841	99983736	FALSE	HeLa	1.3088700540558e-06	TRUE	9.11547660734116e-08	0.72	0.08	28.0371401800466	5.75768426013574	274.851965904874	q22.33	FALSE	LOC100499484	100000708	+	-16971	NA	NA	NA
chr9	103779880	103800868	FALSE	H2171	5.46263690730216e-06	TRUE	1.08574896162748e-09	0.7	0	Inf	12.0514506006612	Inf	q31.1	FALSE	LPPR1	103791031	+	0	LPPR1	103791031	+
chr9	120159733	120177852	FALSE	H2171	1.39819406789723e-07	TRUE	2.06330384847420e-09	0.68	0	Inf	11.0515348517354	Inf	q33.1	FALSE	ASTN2	120177317	-	0	ASTN2	120177317	-
chr9	122129607	122133176	FALSE	H2171	2.16678095612026e-09	TRUE	2.67447310777765e-08	0.96	0.36	39.4822673220185	7.47352126266809	411.032118619716	q33.1	FALSE	BRINP1	122131739	-	0	BRINP1	122131739	-
chr9	126761231	126781274	FALSE	H2171	9.33037024446354e-12	TRUE	1.26888770706857e-12	0.98	0.2	168.992091606671	20.2522907200846	7752.76077266623	q33.3	FALSE	LHX2	126773889	+	0	LHX2	126773889	+
chr9	128507152	128522533	FALSE	NHLF	1.63130638601927e-05	TRUE	3.32658199117912e-07	0.74	0.12	19.8424383787052	4.8495125683199	121.068051782582	q33.3	FALSE	PBX3	128509617	+	0	PBX3	128509617	+
chr9	128507430	128527181	FALSE	H2171	1.47327922511566e-05	TRUE	3.32658199117912e-07	0.74	0.12	19.8424383787052	4.8495125683199	121.068051782582	q33.3	FALSE	PBX3	128509617	+	0	PBX3	128509617	+
chr9	135455403	135458311	FALSE	H2171	1.46520108028233e-06	TRUE	9.51565919949972e-09	0.72	0.04	58.106937447902	8.0264300068734	2565.48449367881	q34.13	FALSE	BARHL1	135457993	+	0	BARHL1	135457993	+
chr10	7451009	7459280	FALSE	HeLa	7.83016305054917e-07	TRUE	4.21534582126998e-08	0.82	0.16	22.4955437223942	5.81038218139811	113.410934224911	p14	FALSE	SFMBT2	7453448	-	0	SFMBT2	7453448	-
chr10	13932421	13933810	FALSE	IMR90	6.97596318058497e-07	TRUE	1.20585717201875e-08	0.64	0	Inf	9.35072893871128	Inf	p13	FALSE	PRPF18	13628939	+	303481	NA	NA	NA
chr10	13932467	13934614	FALSE	H2171	3.01468378025508e-06	TRUE	6.38904672628041e-09	0.66	0	Inf	10.1563818270619	Inf	p13	FALSE	PRPF18	13628939	+	303527	NA	NA	NA
chr10	22535641	22542257	FALSE	NHLF	2.56484504711102e-05	TRUE	5.02770317082281e-07	0.68	0.08	23.3140167745542	4.83692789772791	227.326234636191	p12.31	FALSE	LOC100130992	22541001	+	0	LOC100130992	22541001	+
chr10	54067986	54079905	FALSE	NHLF	7.91337152045853e-06	TRUE	1.45813688560373e-07	0.58	0	Inf	7.3483646533785	Inf	q21.1	FALSE	DKK1	54074041	+	0	PRKG1-AS1, DKK1	54073888, 54074041	-, +
chr10	118031828	118035605	FALSE	H2171	1.89564336098474e-07	TRUE	3.49086266839181e-12	0.8	0	Inf	19.4826775880226	Inf	q25.3	FALSE	GFRA1	118033126	-	0	GFRA1	118033126	-
chr10	131752030	131782458	FALSE	H2171	1.09359953303312e-07	TRUE	0.00169479401022822	0.94	0.64	8.51097126490671	1.8380802818775	54.9069069560001	q26.3	FALSE	EBF3	131762091	-	0	EBF3	131762091	-
chr11	2116533	2119678	FALSE	IMR90	0.000212846289790271	FALSE	4.65957020862008e-07	0.1	0.68	0.0554274353210004	0.0121592758869118	0.208969249841804	p15.5	FALSE	MIR483	2155439	-	35760	NA	NA	NA
chr11	22355270	22373154	TRUE	H2171	2.8540111604978e-06	TRUE	5.09971513408386e-08	0.74	0.08	30.9194839757371	6.30827485026034	304.205155083754	p14.3	FALSE	SLC17A6	22359667	+	0	SLC17A6	22359667	+
chr11	22453801	22454799	FALSE	NHLF	5.21505946602159e-07	TRUE	5.48090216605314e-07	0.84	0.24	15.7710722523592	4.44714902475663	65.4979420932774	p14.3	FALSE	SLC17A6	22359667	+	94133	NA	NA	NA
chr11	58672219	58673316	FALSE	NHLF	0.00123262573121469	TRUE	3.76868150713644e-07	0.56	0	Inf	6.78990287815956	Inf	q12.1	FALSE	GLYATL1	58695102	+	-21785	NA	NA	NA
chr11	67037077	67046197	FALSE	H2171	1.89564336098474e-07	TRUE	0.00074660971492207	0.9	0.52	8.0192790861919	2.15957761192916	34.7928495706229	q13.2	FALSE	ADRBK1	67033905	+	3171	ADRBK1	67033905	+
chr12	5541237	5543990	FALSE	IMR90	8.17265312082791e-05	TRUE	1.02430286580253e-07	0.6	0	Inf	7.95451912844582	Inf	p13.31	FALSE	NTF3	5541280	+	0	NTF3	5541280	+
chr12	6660500	6664619	FALSE	H2171	7.39118393551684e-07	TRUE	0.00470352660204097	0.98	0.76	14.8747587742055	1.64325117605121	722.749841275072	p13.31	FALSE	IFFO1	6665249	-	629	IFFO1	6665249	-
chr12	14926537	14929479	FALSE	IMR90	1.04294041885298e-06	TRUE	5.52932925565979e-08	0.68	0.04	48.3680365036895	6.74092100967879	2130.26603797867	p12.3	FALSE	H2AFJ	14927270	+	0	HIST4H4, H2AFJ	14924065, 14927270	-, +
chr12	14926682	14929509	FALSE	NHLF	4.90839200476963e-06	TRUE	5.52932925565979e-08	0.68	0.04	48.3680365036895	6.74092100967879	2130.26603797867	p12.3	FALSE	H2AFJ	14927270	+	0	HIST4H4, H2AFJ	14924065, 14927270	-, +
chr12	22091623	22094771	FALSE	H2171	1.02653318827818e-08	TRUE	3.49086266839181e-12	0.8	0	Inf	19.4826775880226	Inf	p12.1	FALSE	ABCC9	22094336	-	0	ABCC9	22094336	-
chr12	22093639	22095018	FALSE	NHLF	8.73884168328913e-10	TRUE	2.70982956835662e-15	0.9	0	Inf	37.4025410627682	Inf	p12.1	FALSE	ABCC9	22094336	-	0	ABCC9	22094336	-
chr12	48591333	48592911	FALSE	NHLF	1.73380866453597e-06	TRUE	8.1706606386889e-07	0.62	0.04	37.4440610039254	5.26196598456985	1645.61659177298	q13.11	FALSE	OR10AD1	48597075	-	4163	OR10AD1	48597075	-
chr12	54365773	54383178	TRUE	HeLa	1.88683185956156e-09	TRUE	2.1968369318308e-09	0.9	0.2	33.1281907839551	8.06029098413828	173.902439976869	q13.13	TRUE	HOXC11	54366910	+	0	HOTAIR, HOXC10, HOXC11, MIR196A2	54368740, 54378946, 54366910, 54385522	-, +, +, +
chr12	54386524	54390952	FALSE	HeLa	4.91848195709005e-07	TRUE	2.00270503402807e-06	0.74	0.16	14.2944295152894	3.87695301825481	68.1015494171809	q13.13	TRUE	MIR196A2	54385522	+	1001	HOXC9, MIR196A2	54393877, 54385522	+, +
chr12	54387844	54390394	FALSE	H2171	1.02742737724345e-05	TRUE	9.51565919949972e-09	0.72	0.04	58.106937447902	8.0264300068734	2565.48449367881	q13.13	TRUE	MIR196A2	54385522	+	2321	HOXC9, MIR196A2	54393877, 54385522	+, +
chr12	68758202	68759880	FALSE	HeLa	0.000222478853937961	TRUE	1.45813688560373e-07	0.58	0	Inf	7.3483646533785	Inf	q15	FALSE	MDM1	68726161	-	-32040	NA	NA	NA
chr12	68758336	68759732	FALSE	IMR90	0.000408277210513822	TRUE	1.45813688560373e-07	0.58	0	Inf	7.3483646533785	Inf	q15	FALSE	MDM1	68726161	-	-32174	NA	NA	NA
chr12	68758478	68759606	FALSE	NHLF	3.36244670952182e-06	TRUE	1.45813688560373e-07	0.58	0	Inf	7.3483646533785	Inf	q15	FALSE	MDM1	68726161	-	-32316	NA	NA	NA
chr12	85672947	85679813	FALSE	HeLa	2.07518324028628e-10	TRUE	3.79115835744395e-13	0.92	0.08	113.402954996168	19.1274991067961	1342.23063421038	q21.31	FALSE	ALX1	85674036	+	0	ALX1	85674036	+
chr12	114833060	114852784	TRUE	NHLF	1.33521887538944e-10	TRUE	3.79115835744395e-13	0.92	0.08	113.402954996168	19.1274991067961	1342.23063421038	q24.21	TRUE	TBX5	114846247	-	0	TBX5-AS1, TBX5	114846000, 114846247	+, -
chr12	114833161	114869133	TRUE	IMR90	1.17905945529391e-11	TRUE	3.79115835744395e-13	0.92	0.08	113.402954996168	19.1274991067961	1342.23063421038	q24.21	TRUE	TBX5	114846247	-	0	TBX5-AS1, TBX5	114846000, 114846247	+, -
chr12	115105584	115131444	TRUE	IMR90	4.55686514042497e-08	TRUE	0.00470352660204097	0.98	0.76	14.8747587742055	1.64325117605121	722.749841275072	q24.21	TRUE	TBX3	115121969	-	0	TBX3	115121969	-
chr12	115105623	115131435	TRUE	NHLF	3.76562810139483e-08	TRUE	0.00470352660204097	0.98	0.76	14.8747587742055	1.64325117605121	722.749841275072	q24.21	TRUE	TBX3	115121969	-	0	TBX3	115121969	-
chr13	25315838	25322815	FALSE	H2171	1.57980223502228e-07	TRUE	0.256201406886339	0.98	0.92	4.17141631114983	0.207343923024541	255.942868516757	q12.12	FALSE	RNF17	25338301	+	-15485	NA	NA	NA
chr13	36044908	36050782	FALSE	NHLF	8.41125700693697e-09	TRUE	1.44298657749441e-07	0.94	0.36	26.041573473725	5.88343342995225	168.528154474375	q13.3	FALSE	MIR548F5	36515382	-	464599	NA	NA	NA
chr13	72426834	72454343	TRUE	H2171	2.10010863938441e-05	TRUE	1.02430286580253e-07	0.6	0	Inf	7.95451912844582	Inf	q21.33	TRUE	DACH1	72441330	-	0	DACH1	72441330	-
chr13	93878117	93883132	FALSE	H2171	2.139242325785e-07	TRUE	8.00448571490475e-07	0.8	0.2	15.2209437902518	4.26735382566718	65.6290077857844	q31.3	FALSE	GPC6	93879078	+	0	GPC6	93879078	+
chr13	93878178	93881909	FALSE	IMR90	1.10407411823626e-06	TRUE	8.00448571490475e-07	0.8	0.2	15.2209437902518	4.26735382566718	65.6290077857844	q31.3	FALSE	GPC6	93879078	+	0	GPC6	93879078	+
chr13	93878966	93881472	FALSE	NHLF	1.02812981886336e-07	TRUE	8.00448571490475e-07	0.8	0.2	15.2209437902518	4.26735382566718	65.6290077857844	q31.3	FALSE	GPC6	93879078	+	0	GPC6	93879078	+
chr13	100310169	100311065	FALSE	NHLF	6.40768672932335e-06	TRUE	5.02770317082281e-07	0.68	0.08	23.3140167745542	4.83692789772791	227.326234636191	q32.3	FALSE	MIR4306	100295313	+	14855	NA	NA	NA
chr13	100618268	100639102	FALSE	H2171	2.56221895458174e-07	TRUE	2.687389561362e-05	0.88	0.4	10.5415048221281	2.99708453624607	42.4943085652884	q32.3	FALSE	ZIC5	100624178	-	0	ZIC2, ZIC5	100634026, 100624178	+, -
chr13	100620443	100636974	FALSE	HeLa	1.39819406789723e-07	TRUE	2.687389561362e-05	0.88	0.4	10.5415048221281	2.99708453624607	42.4943085652884	q32.3	FALSE	ZIC5	100624178	-	0	ZIC2, ZIC5	100634026, 100624178	+, -
chr14	29232800	29244830	FALSE	H2171	6.58326454609384e-07	TRUE	0.00513536390704215	0.96	0.72	9.01764361767808	1.53037118276977	96.8993409937716	q12	FALSE	C14orf23	29241910	+	0	FOXG1, C14orf23	29236278, 29241910	+, +
chr14	36976968	36978428	FALSE	H2171	6.75609003397452e-06	TRUE	2.98264746692855e-10	0.72	0	Inf	13.1690445571671	Inf	q13.3	TRUE	SFTA3	36988817	-	10388	NA	NA	NA
chr14	38667722	38679555	FALSE	HeLa	1.88683185956156e-09	TRUE	0.000162008850718496	0.96	0.6	15.2928227974769	2.82554643624087	158.61429796457	q21.1	FALSE	SSTR1	38677204	+	0	SSTR1	38677204	+
chr14	38676770	38681126	FALSE	NHLF	1.15813710496877e-09	TRUE	0.000162008850718496	0.96	0.6	15.2928227974769	2.82554643624087	158.61429796457	q21.1	FALSE	SSTR1	38677204	+	0	SSTR1	38677204	+
chr14	38723460	38725954	FALSE	NHLF	6.43818099345554e-09	TRUE	2.1968369318308e-09	0.9	0.2	33.1281907839551	8.06029098413828	173.902439976869	q21.1	FALSE	CLEC14A	38725575	-	0	CLEC14A	38725575	-
chr14	52511382	52549096	TRUE	IMR90	1.57980223502228e-07	TRUE	1.44143425904024e-05	0.84	0.32	10.689046363317	3.1741643670142	40.453899678891	q22.1	FALSE	NID2	52535946	-	0	NID2	52535946	-
chr14	52779528	52795214	FALSE	NHLF	3.36244670952182e-06	TRUE	5.02770317082281e-07	0.68	0.08	23.3140167745542	4.83692789772791	227.326234636191	q22.1	FALSE	PTGER2	52781016	+	0	PTGER2	52781016	+
chr14	52781037	52794992	TRUE	IMR90	2.32143468881398e-05	TRUE	6.38904672628041e-09	0.66	0	Inf	10.1563818270619	Inf	q22.1	FALSE	PTGER2	52781016	+	20	PTGER2	52781016	+
chr14	58330915	58333061	FALSE	H2171	1.09673950971868e-08	TRUE	3.49086266839181e-12	0.8	0	Inf	19.4826775880226	Inf	q23.1	FALSE	SLC35F4	58332592	-	0	SLC35F4	58332592	-
chr14	61104542	61124948	FALSE	NHLF	5.05819258074979e-11	TRUE	6.57984172079663e-07	0.96	0.44	28.6562800088725	5.46196214581943	293.838418517305	q23.1	FALSE	SIX1	61116155	-	0	SIX1	61116155	-
chr14	61110820	61126995	FALSE	H2171	2.36342283835669e-11	TRUE	5.62621314306073e-11	0.92	0.16	54.1409063698094	11.6839034885156	344.496378038746	q23.1	FALSE	SIX1	61116155	-	0	SIX1	61116155	-
chr14	61112591	61125319	FALSE	IMR90	1.92873833633037e-10	TRUE	5.62621314306073e-11	0.92	0.16	54.1409063698094	11.6839034885156	344.496378038746	q23.1	FALSE	SIX1	61116155	-	0	SIX1	61116155	-
chr14	73736443	73736972	FALSE	NHLF	6.65095993797791e-08	TRUE	1.03229796051015e-10	0.8	0.04	88.4116797580988	11.8492400110969	3935.61800127029	q24.2	FALSE	PAPLN	73704205	+	32237	NA	NA	NA
chr14	93896116	93898873	FALSE	H2171	0.00044441878732927	TRUE	8.1706606386889e-07	0.62	0.04	37.4440610039254	5.26196598456985	1645.61659177298	q32.12	FALSE	COX8C	93813537	+	82578	NA	NA	NA
chr14	97059090	97059560	FALSE	H2171	5.33530173140189e-05	TRUE	3.20109753226057e-08	0.62	0	Inf	8.62299717643819	Inf	q32.2	FALSE	PAPOLA	96968713	+	90376	NA	NA	NA
chr15	33010164	33013235	FALSE	IMR90	2.139242325785e-07	TRUE	1.14246414601915e-11	0.78	0	Inf	17.543080161823	Inf	q13.3	FALSE	GREM1	33010205	+	0	GREM1	33010205	+
chr15	34786472	34787598	FALSE	HeLa	8.29420132790014e-07	TRUE	0.0015103574958991	0.92	0.6	7.41797318353283	1.81545448559295	37.3563241687754	q14	FALSE	MIR1233-2	34820572	-	32973	NA	NA	NA
chr15	34786567	34787536	FALSE	IMR90	3.66347987843618e-07	TRUE	0.000497831267726339	0.92	0.56	8.71402393981772	2.16574779682131	43.668548554018	q14	FALSE	MIR1233-2	34820572	-	33035	NA	NA	NA
chr15	37389782	37394337	FALSE	NHLF	2.139242325785e-07	TRUE	1.08574896162748e-09	0.7	0	Inf	12.0514506006612	Inf	q14	FALSE	MEIS2	37393500	-	0	MEIS2	37393500	-
chr15	37390411	37394661	FALSE	HeLa	4.90839200476963e-06	TRUE	1.45813688560373e-07	0.58	0	Inf	7.3483646533785	Inf	q14	FALSE	MEIS2	37393500	-	0	MEIS2	37393500	-
chr15	76632060	76634617	FALSE	H2171	0.000108014304686579	TRUE	2.870886225708e-07	0.7	0.08	25.5244239476761	5.27156302771754	249.487039127439	q24.3	FALSE	ISL2	76629147	+	2912	ISL2	76629147	+
chr15	96864557	96903688	TRUE	NHLF	1.76040251656481e-09	TRUE	0.0397250424261808	0.98	0.84	9.03929516733261	0.830878621787993	467.433266623568	q26.2	FALSE	NR2F2	96869157	+	0	MIR1469, NR2F2-AS1, NR2F2	96876490, 96870590, 96869157	+, -, +
chr15	96867103	96898961	TRUE	IMR90	3.05550303819758e-09	TRUE	0.0397250424261808	0.98	0.84	9.03929516733261	0.830878621787993	467.433266623568	q26.2	FALSE	NR2F2	96869157	+	0	MIR1469, NR2F2-AS1, NR2F2	96876490, 96870590, 96869157	+, -, +
chr15	96872900	96901604	FALSE	HeLa	2.66401220782099e-09	TRUE	0.0397250424261808	0.98	0.84	9.03929516733261	0.830878621787993	467.433266623568	q26.2	FALSE	MIR1469	96876490	+	0	MIR1469, NR2F2-AS1, NR2F2	96876490, 96870590, 96869157	+, -, +
chr16	3199336	3239159	FALSE	HeLa	3.10834132397457e-08	TRUE	1	1	1	0	0	Inf	p13.3	FALSE	ZNF213	3185057	+	14278	NA	NA	NA
chr16	3238900	3239588	FALSE	NHLF	4.91848195709005e-07	TRUE	3.20109753226057e-08	0.62	0	Inf	8.62299717643819	Inf	p13.3	FALSE	OR1F1	3254247	+	-14658	NA	NA	NA
chr16	12993955	12997783	FALSE	H2171	6.65095993797791e-08	TRUE	2.06330384847420e-09	0.68	0	Inf	11.0515348517354	Inf	p13.12	FALSE	SHISA9	12995477	+	0	SHISA9	12995477	+
chr16	29795974	29796737	FALSE	HeLa	2.72037439871011e-07	TRUE	1.83534102165731e-07	0.86	0.24	18.3359385734931	5.03738485303138	79.0966534122784	p11.2	FALSE	KIF22	29802034	+	-5296	KIF22, ZG16	29802034, 29789561	+, +
chr16	49308237	49318506	FALSE	H2171	1.92873833633037e-10	TRUE	9.72789663929904e-12	0.94	0.16	72.56878936475	14.2440780368686	566.728768919127	q12.1	FALSE	CBLN1	49315742	-	0	CBLN1	49315742	-
chr16	51186410	51187971	FALSE	IMR90	2.23247148924287e-10	TRUE	9.91831147771849e-08	0.98	0.44	57.9477241246427	7.4688487846385	2642.86251897203	q12.1	FALSE	SALL1	51185183	-	-1226	SALL1	51185183	-
chr16	56224519	56233014	FALSE	H2171	2.11091508539734e-08	TRUE	6.38904672628041e-09	0.66	0	Inf	10.1563818270619	Inf	q12.2	FALSE	LOC283856	56225006	-	0	DKFZP434H168, GNAO1, LOC283856	56228437, 56225251, 56225006	-, +, -
chr16	67196594	67199398	FALSE	H2171	1.31513399639035e-07	TRUE	4.13411953362151e-09	0.86	0.16	29.9491402796861	7.39372144831654	159.006965274584	q22.1	FALSE	HSF4	67197288	+	0	HSF4, FBXL8, TRADD, NOL3	67197288, 67193891, 67193812, 67204400	+, +, -, +
chr16	86529886	86552655	TRUE	IMR90	3.50279862404625e-09	TRUE	0.596857131103707	0.96	0.92	2.06491863217989	0.141429501328771	30.1702496031481	q24.1	FALSE	FENDRR	86542466	-	0	FOXF1, FENDRR	86544133, 86542466	+, -
chr16	86530126	86553839	TRUE	NHLF	5.62851141065975e-09	TRUE	0.596857131103707	0.96	0.92	2.06491863217989	0.141429501328771	30.1702496031481	q24.1	FALSE	FENDRR	86542466	-	0	FOXF1, FENDRR	86544133, 86542466	+, -
chr17	46638492	46676520	TRUE	IMR90	4.63820370242016e-07	TRUE	0.333333333333333	1	0.96	Inf	0.0512818798828127	Inf	q21.32	TRUE	MIR10A	46657309	-	0	HOXB3, HOXB4, HOXB5, HOXB6, HOXB-AS3, MIR10A	46667631, 46655743, 46671103, 46682354, 46667823, 46657309	-, -, -, -, +, -
chr17	46646374	46671210	TRUE	NHLF	7.08055835935577e-08	TRUE	0.108108108108108	1	0.92	Inf	0.381354828839544	Inf	q21.32	TRUE	MIR10A	46657309	-	0	HOXB3, HOXB4, HOXB5, HOXB-AS3, MIR10A	46667631, 46655743, 46671103, 46667823, 46657309	-, -, -, +, -
chr17	59457578	59494982	TRUE	NHLF	3.06544921698609e-07	TRUE	0.325729356599509	0.96	0.88	3.21589855435976	0.342994015628793	41.1187585876875	q23.2	FALSE	TBX2	59477257	+	0	C17orf82, TBX2	59489112, 59477257	+, +
chr17	59471060	59491086	TRUE	IMR90	4.91848195709005e-07	TRUE	0.00487306912038809	0.94	0.68	7.14492939339119	1.49889993618687	46.6536496253387	q23.2	FALSE	TBX2	59477257	+	0	C17orf82, TBX2	59489112, 59477257	+, +
chr17	59528609	59553367	TRUE	NHLF	2.07518324028628e-10	TRUE	0.00148873777592099	0.98	0.72	18.2700298921888	2.11745774803945	871.316543864995	q23.2	FALSE	TBX4	59529779	+	0	TBX4	59529779	+
chr17	70107215	70134361	FALSE	H2171	5.3131831160813e-10	TRUE	0.0397250424261808	0.98	0.84	9.03929516733261	0.830878621787993	467.433266623568	q24.3	FALSE	SOX9	70117161	+	0	SOX9	70117161	+
chr18	5196001	5199356	FALSE	H2171	1.52389363477115e-08	TRUE	4.65957020862008e-07	0.9	0.32	18.0416069083594	4.78539306982739	82.2417394999971	p11.31	FALSE	C18orf42	5197255	-	0	C18orf42	5197255	-
chr18	19748934	19764566	FALSE	HeLa	3.45260614060951e-07	TRUE	0.0140723397524478	0.98	0.8	11.819213156663	1.21546288943411	588.805963881129	q11.2	FALSE	GATA6	19749404	+	0	GATA6-AS1, GATA6	19748929, 19749404	-, +
chr18	22928250	22932281	FALSE	IMR90	1.52389363477115e-08	TRUE	3.10657442506465e-11	0.82	0.04	99.8679694024754	13.2212475876335	4458.66901990027	q11.2	FALSE	ZNF521	22932214	-	0	ZNF521	22932214	-
chr18	22928547	22932303	FALSE	NHLF	7.36069721498542e-09	TRUE	3.10657442506465e-11	0.82	0.04	99.8679694024754	13.2212475876335	4458.66901990027	q11.2	FALSE	ZNF521	22932214	-	0	ZNF521	22932214	-
chr18	22929367	22946725	FALSE	H2171	1.89564336098474e-07	TRUE	1.22651686533341e-09	0.76	0.04	70.8881388973918	9.66944701735788	3140.66464310385	q11.2	FALSE	ZNF521	22932214	-	0	ZNF521	22932214	-
chr18	31738157	31740528	FALSE	H2171	4.176848540423e-06	TRUE	2.98264746692855e-10	0.72	0	Inf	13.1690445571671	Inf	q12.1	FALSE	NOL4	31803515	-	62986	NA	NA	NA
chr18	44334921	44343278	FALSE	H2171	1.06924122947568e-10	TRUE	2.70982956835662e-15	0.9	0	Inf	37.4025410627682	Inf	q21.1	FALSE	ST8SIA5	44337039	-	0	ST8SIA5	44337039	-
chr18	55093871	55114365	TRUE	HeLa	2.97332263067838e-11	TRUE	9.91831147771849e-08	0.98	0.44	57.9477241246427	7.4688487846385	2642.86251897203	q21.31	TRUE	ONECUT2	55102917	+	0	ONECUT2	55102917	+
chr18	55103577	55106284	FALSE	H2171	4.69020510433521e-11	TRUE	6.57984172079663e-07	0.96	0.44	28.6562800088725	5.46196214581943	293.838418517305	q21.31	TRUE	ONECUT2	55102917	+	659	ONECUT2	55102917	+
chr19	4326868	4329781	FALSE	H2171	4.01359546959121e-09	TRUE	0.0130916391022157	0.94	0.72	5.92493441528386	1.19412388035552	39.408942609347	p13.3	FALSE	STAP2	4342783	-	13001	NA	NA	NA
chr19	9517043	9518555	FALSE	H2171	1.42722106241744e-08	TRUE	1.5465108320584e-09	0.8	0.08	42.7909294467574	8.487997443863	433.284722627506	p13.2	FALSE	ZNF266	9546254	-	27698	NA	NA	NA
chr19	9517289	9518009	FALSE	NHLF	6.24666010215742e-08	TRUE	1.5465108320584e-09	0.8	0.08	42.7909294467574	8.487997443863	433.284722627506	p13.2	FALSE	ZNF266	9546254	-	28244	NA	NA	NA
chr19	11804618	11806474	FALSE	H2171	2.55696559659408e-06	TRUE	1.08574896162748e-09	0.7	0	Inf	12.0514506006612	Inf	p13.2	FALSE	ZNF823	11849760	-	43285	NA	NA	NA
chr19	11804929	11806200	FALSE	NHLF	1.89896486980778e-05	TRUE	1.08574896162748e-09	0.7	0	Inf	12.0514506006612	Inf	p13.2	FALSE	ZNF823	11849760	-	43559	NA	NA	NA
chr19	11959341	11960219	FALSE	NHLF	3.62221719498394e-05	TRUE	3.20109753226057e-08	0.62	0	Inf	8.62299717643819	Inf	p13.2	FALSE	ZNF439	11959579	+	0	ZNF439	11959579	+
chr19	11959484	11960152	FALSE	HeLa	1.63940451766169e-06	TRUE	3.20109753226057e-08	0.62	0	Inf	8.62299717643819	Inf	p13.2	FALSE	ZNF439	11959579	+	0	ZNF439	11959579	+
chr19	23257691	23258777	FALSE	NHLF	1.47327922511566e-05	TRUE	1.02430286580253e-07	0.6	0	Inf	7.95451912844582	Inf	p12	FALSE	ZNF730	23299777	+	-40999	NA	NA	NA
chr19	23257733	23259298	FALSE	H2171	3.44917825401101e-05	TRUE	1.02430286580253e-07	0.6	0	Inf	7.95451912844582	Inf	p12	FALSE	ZNF730	23299777	+	-40478	NA	NA	NA
chr19	30015478	30020500	FALSE	H2171	6.12865840188333e-10	TRUE	2.1968369318308e-09	0.9	0.2	33.1281907839551	8.06029098413828	173.902439976869	q12	FALSE	VSTM2B	30017491	+	0	LOC284395, VSTM2B	30016659, 30017491	-, +
chr19	30714972	30721265	FALSE	H2171	3.71013579894111e-10	TRUE	1.40007861031758e-14	0.88	0	Inf	32.0071259874135	Inf	q12	FALSE	ZNF536	30863328	+	-142062	NA	NA	NA
chr19	37287596	37289073	FALSE	NHLF	2.48703944323788e-09	TRUE	0.0397250424261808	0.98	0.84	9.03929516733261	0.830878621787993	467.433266623568	q13.12	FALSE	ZNF790-AS1	37288452	+	0	ZNF790-AS1	37288452	+
chr19	37288128	37289183	FALSE	H2171	1.55037442042461e-05	TRUE	1.84369231792933e-08	0.7	0.04	52.9295947844145	7.34845229446276	2333.76594494202	q13.12	FALSE	ZNF790-AS1	37288452	+	0	ZNF790-AS1	37288452	+
chr19	38307928	38308878	FALSE	H2171	2.4027220327603e-08	TRUE	1.12218101162988e-09	0.88	0.16	35.4115684274262	8.47541001348151	195.009174387575	q13.13	FALSE	LOC644554	38308051	+	0	ZNF573, LOC644554	38307940, 38308051	-, +
chr19	51160616	51162524	FALSE	H2171	2.56221895458174e-07	TRUE	9.97389333826233e-13	0.82	0	Inf	21.7692640054085	Inf	q13.33	FALSE	C19orf81	51152702	+	7913	NA	NA	NA
chr19	53039018	53040120	FALSE	NHLF	2.25223567467663e-08	TRUE	8.71777381443872e-05	0.86	0.4	8.86779718730515	2.61647330555405	33.5630397804364	q13.41	FALSE	ZNF808	53030909	+	8108	NA	NA	NA
chr19	54482336	54485676	FALSE	HeLa	3.06544921698609e-07	TRUE	0.00215791142117508	0.84	0.48	5.5316679883837	1.68263982156655	19.5763974680729	q13.42	FALSE	MIR935	54485561	+	0	MIR935	54485561	+
chr19	57182122	57183410	FALSE	H2171	4.27671110485254e-08	TRUE	2.18075822818396e-06	0.9	0.36	15.180456485546	4.07733459699581	67.9628081225507	q13.43	FALSE	ZNF835	57183123	-	0	ZNF835	57183123	-
chr19	58520501	58521761	FALSE	H2171	1.97821876210608e-08	TRUE	1.46500746921636e-07	0.8	0.16	19.8536559124021	5.20979021271897	98.1874745022745	q13.43	FALSE	ZNF606	58514714	-	-5786	LOC100128398, ZNF606	58514262, 58514714	+, -
chr19	58520548	58521745	FALSE	NHLF	4.37336238588093e-07	TRUE	1.46500746921636e-07	0.8	0.16	19.8536559124021	5.20979021271897	98.1874745022745	q13.43	FALSE	ZNF606	58514714	-	-5833	LOC100128398, ZNF606	58514262, 58514714	+, -
chr20	289494	291226	FALSE	IMR90	6.24666010215742e-08	TRUE	1.38194220739623e-10	0.74	0	Inf	14.4338671948594	Inf	p13	FALSE	ZCCHC3	278204	+	11289	NA	NA	NA
chr20	289518	292040	FALSE	NHLF	9.08379869758923e-08	TRUE	1.5465108320584e-09	0.8	0.08	42.7909294467574	8.487997443863	433.284722627506	p13	FALSE	ZCCHC3	278204	+	11313	NA	NA	NA
chr20	4195916	4203159	FALSE	H2171	2.72037439871011e-07	TRUE	1.08574896162748e-09	0.7	0	Inf	12.0514506006612	Inf	p13	FALSE	LINC01433	4173737	+	22178	NA	NA	NA
chr20	4197231	4207636	FALSE	HeLa	3.25347254227847e-07	TRUE	1.08574896162748e-09	0.7	0	Inf	12.0514506006612	Inf	p13	FALSE	ADRA1D	4229659	-	22022	NA	NA	NA
chr20	20342395	20358158	FALSE	H2171	1.24223155077294e-09	TRUE	6.85013828473173e-10	0.94	0.24	45.1952211263585	9.67810074612172	309.523021095489	p11.23	FALSE	INSM1	20348765	+	0	INSM1	20348765	+
chr20	21501537	21518226	FALSE	H2171	3.88675770354783e-07	TRUE	0.000156104862712125	0.88	0.44	8.98126154516329	2.5609243047904	35.8208146281142	p11.22	TRUE	NKX2-2	21494664	-	-6872	NKX2-2	21494664	-
chr20	52276708	52277506	FALSE	NHLF	6.97596318058497e-07	TRUE	1.45813688560373e-07	0.58	0	Inf	7.3483646533785	Inf	q13.2	FALSE	ZNF217	52210801	-	-65906	NA	NA	NA
chr21	38069952	38074572	FALSE	HeLa	1.48631784847133e-07	TRUE	9.51565919949972e-09	0.72	0.04	58.106937447902	8.0264300068734	2565.48449367881	q22.13	FALSE	SIM2	38071991	+	0	SIM2	38071991	+
